classe_real,arquivo,predito,score_vencedor,93000005_Meio_das_Asas_Congelado,93000006_Coxinhas_das_Asas_Congelado,93000025_File_de_Peito_Congelado,93000064_Coracao,93000068_Moela_Congelada,93000096_File_de_Coxas_e_Sobre_Coxas_com_Pele_Congelado,93000106_Coxas_e_Sobrecoxas_Congelado
93000005_Meio_das_Asas_Congelado,TesteTempoPosicao2025-02-05 14_19_52.956796.jpg,93000005_Meio_das_Asas_Congelado,0.5196,0.5196,0.0559,0.0357,0.0,0.0779,0.0162,0.0288
93000005_Meio_das_Asas_Congelado,TesteTempoPosicao2025-02-05 14_20_15.752372.jpg,93000005_Meio_das_Asas_Congelado,0.1127,0.1127,0.0248,0.0446,0.0,0.0779,0.0097,0.024
93000005_Meio_das_Asas_Congelado,TesteTempoPosicao2025-02-05 14_20_40.447605.jpg,93000005_Meio_das_Asas_Congelado,0.2059,0.2059,0.0311,0.0268,0.0494,0.0909,0.0097,0.0288
93000005_Meio_das_Asas_Congelado,TesteTempoPosicao2025-02-05 14_21_50.931358.jpg,93000005_Meio_das_Asas_Congelado,0.1176,0.1176,0.0311,0.0357,0.037,0.1039,0.0162,0.0192
93000005_Meio_das_Asas_Congelado,TesteTempoPosicao2025-02-05 14_22_32.423028.jpg,93000068_Moela_Congelada,0.1169,0.1127,0.0311,0.0,0.0,0.1169,0.0162,0.0
93000005_Meio_das_Asas_Congelado,TesteTempoPosicao2025-02-05 14_23_17.948696.jpg,93000005_Meio_das_Asas_Congelado,0.1471,0.1471,0.0248,0.0446,0.0,0.0779,0.0097,0.024
93000005_Meio_das_Asas_Congelado,TesteTempoPosicao2025-02-05 14_23_54.673014.jpg,93000005_Meio_das_Asas_Congelado,0.1029,0.1029,0.0497,0.0268,0.037,0.0519,0.0097,0.0192
93000005_Meio_das_Asas_Congelado,TesteTempoPosicao2025-02-05 14_24_44.863561.jpg,93000005_Meio_das_Asas_Congelado,0.1765,0.1765,0.0559,0.0625,0.0494,0.1169,0.0097,0.024
93000005_Meio_das_Asas_Congelado,TesteTempoPosicao2025-02-05 14_25_47.550703.jpg,93000005_Meio_das_Asas_Congelado,0.152,0.152,0.0807,0.0357,0.037,0.1039,0.013,0.0288
93000005_Meio_das_Asas_Congelado,TesteTempoPosicao2025-02-05 14_27_51.892351.jpg,93000005_Meio_das_Asas_Congelado,0.1127,0.1127,0.0621,0.0446,0.0,0.0779,0.0162,0.0192
93000005_Meio_das_Asas_Congelado,TesteTempoPosicao2025-02-05 14_28_11.955738.jpg,93000005_Meio_das_Asas_Congelado,0.1373,0.1373,0.0248,0.0446,0.037,0.1039,0.013,0.0096
93000005_Meio_das_Asas_Congelado,TesteTempoPosicao2025-02-05 14_30_31.361726.jpg,93000005_Meio_das_Asas_Congelado,0.1667,0.1667,0.0683,0.0268,0.0247,0.1299,0.0097,0.024
93000005_Meio_das_Asas_Congelado,TesteTempoPosicao2025-02-05 14_30_33.293379.jpg,93000005_Meio_das_Asas_Congelado,0.1569,0.1569,0.0745,0.0357,0.0,0.1169,0.013,0.024
93000005_Meio_das_Asas_Congelado,TesteTempoPosicao2025-02-05 14_30_40.758155.jpg,93000005_Meio_das_Asas_Congelado,0.201,0.201,0.0311,0.0446,0.0,0.0779,0.0162,0.024
93000005_Meio_das_Asas_Congelado,TesteTempoPosicao2025-02-05 14_30_48.623213.jpg,93000068_Moela_Congelada,0.1429,0.1422,0.0994,0.0446,0.0617,0.1429,0.013,0.0288
93000005_Meio_das_Asas_Congelado,TesteTempoPosicao2025-02-05 14_32_04.341492.jpg,93000005_Meio_das_Asas_Congelado,0.1275,0.1275,0.0621,0.0357,0.0247,0.0909,0.0162,0.0192
93000005_Meio_das_Asas_Congelado,TesteTempoPosicao2025-02-05 14_33_30.592095.jpg,93000005_Meio_das_Asas_Congelado,0.1814,0.1814,0.0683,0.0536,0.037,0.0779,0.0162,0.0192
93000005_Meio_das_Asas_Congelado,TesteTempoPosicao2025-02-05 14_34_14.881712.jpg,93000005_Meio_das_Asas_Congelado,0.1225,0.1225,0.0373,0.0357,0.037,0.0519,0.013,0.0192
93000005_Meio_das_Asas_Congelado,TesteTempoPosicao2025-02-05 14_34_38.410164.jpg,93000005_Meio_das_Asas_Congelado,0.1324,0.1324,0.0435,0.0,0.037,0.0649,0.0065,0.0144
93000005_Meio_das_Asas_Congelado,TesteTempoPosicao2025-02-05 14_35_03.338969.jpg,93000005_Meio_das_Asas_Congelado,0.1324,0.1324,0.0559,0.0357,0.037,0.0909,0.0065,0.0144
93000005_Meio_das_Asas_Congelado,TesteTempoPosicao2025-02-05 14_37_19.112891.jpg,93000005_Meio_das_Asas_Congelado,0.1176,0.1176,0.0435,0.0536,0.0,0.1039,0.013,0.0192
93000005_Meio_das_Asas_Congelado,TesteTempoPosicao2025-02-05 14_37_48.538644.jpg,93000005_Meio_das_Asas_Congelado,0.1422,0.1422,0.0435,0.0446,0.0,0.0649,0.0195,0.024
93000005_Meio_das_Asas_Congelado,TesteTempoPosicao2025-02-05 14_38_04.302652.jpg,93000005_Meio_das_Asas_Congelado,0.1912,0.1912,0.0,0.0536,0.037,0.1169,0.0162,0.0385
93000005_Meio_das_Asas_Congelado,TesteTempoPosicao2025-02-05 14_39_15.621332.jpg,93000005_Meio_das_Asas_Congelado,0.1716,0.1716,0.0435,0.0357,0.0,0.0649,0.0227,0.0192
93000005_Meio_das_Asas_Congelado,TesteTempoPosicao2025-02-05 14_39_35.050279.jpg,93000005_Meio_das_Asas_Congelado,0.0882,0.0882,0.0186,0.0,0.037,0.0,0.013,0.0192
93000005_Meio_das_Asas_Congelado,TesteTempoPosicao2025-02-05 14_42_00.286432.jpg,93000005_Meio_das_Asas_Congelado,0.1275,0.1275,0.0559,0.0536,0.0247,0.1169,0.0065,0.0192
93000005_Meio_das_Asas_Congelado,TesteTempoPosicao2025-02-05 14_42_16.850867.jpg,93000005_Meio_das_Asas_Congelado,0.1471,0.1471,0.0248,0.0357,0.0617,0.1039,0.0097,0.024
93000005_Meio_das_Asas_Congelado,TesteTempoPosicao2025-02-05 14_42_18.717599.jpg,93000005_Meio_das_Asas_Congelado,0.1422,0.1422,0.0435,0.0446,0.0247,0.0649,0.013,0.024
93000005_Meio_das_Asas_Congelado,TesteTempoPosicao2025-02-05 14_42_26.249271.jpg,93000005_Meio_das_Asas_Congelado,0.1422,0.1422,0.0745,0.0446,0.0494,0.1169,0.0227,0.0288
93000005_Meio_das_Asas_Congelado,TesteTempoPosicao2025-02-05 14_45_24.881868.jpg,93000005_Meio_das_Asas_Congelado,0.1127,0.1127,0.0248,0.0268,0.037,0.0779,0.013,0.024
93000005_Meio_das_Asas_Congelado,TesteTempoPosicao2025-02-05 14_45_41.243358.jpg,unknown,0.0392,0.0392,0.0186,0.0,0.037,0.0,0.0,0.024
93000005_Meio_das_Asas_Congelado,TesteTempoPosicao2025-02-05 14_45_46.542879.jpg,93000005_Meio_das_Asas_Congelado,0.1814,0.1814,0.0683,0.0357,0.0,0.0779,0.013,0.0288
93000005_Meio_das_Asas_Congelado,TesteTempoPosicao2025-02-05 14_48_04.747700.jpg,unknown,0.0649,0.0441,0.0,0.0268,0.0,0.0649,0.0065,0.0192
93000005_Meio_das_Asas_Congelado,TesteTempoPosicao2025-02-05 14_48_12.646620.jpg,93000005_Meio_das_Asas_Congelado,0.2059,0.2059,0.0745,0.0536,0.037,0.1039,0.0162,0.024
93000005_Meio_das_Asas_Congelado,TesteTempoPosicao2025-02-05 14_48_30.377548.jpg,93000005_Meio_das_Asas_Congelado,0.1176,0.1176,0.0435,0.0357,0.037,0.0649,0.0097,0.024
93000005_Meio_das_Asas_Congelado,TesteTempoPosicao2025-02-05 14_49_05.568508.jpg,93000068_Moela_Congelada,0.1039,0.0931,0.0311,0.0446,0.037,0.1039,0.0097,0.0337
93000005_Meio_das_Asas_Congelado,TesteTempoPosicao2025-02-05 14_49_35.730004.jpg,93000005_Meio_das_Asas_Congelado,0.1422,0.1422,0.0621,0.0357,0.037,0.0909,0.0097,0.0385
93000005_Meio_das_Asas_Congelado,TesteTempoPosicao2025-02-05 14_49_58.658233.jpg,93000005_Meio_das_Asas_Congelado,0.1765,0.1765,0.0373,0.0268,0.0,0.0909,0.0227,0.0288
93000005_Meio_das_Asas_Congelado,TesteTempoPosicao2025-02-05 14_50_55.614161.jpg,93000005_Meio_das_Asas_Congelado,0.1912,0.1912,0.1056,0.0357,0.0,0.1429,0.013,0.0288
93000005_Meio_das_Asas_Congelado,TesteTempoPosicao2025-02-05 14_51_29.973385.jpg,93000005_Meio_das_Asas_Congelado,0.1275,0.1275,0.0373,0.0357,0.0494,0.0779,0.013,0.024
93000005_Meio_das_Asas_Congelado,TesteTempoPosicao2025-02-05 14_53_32.681478.jpg,93000005_Meio_das_Asas_Congelado,0.1569,0.1569,0.0435,0.0357,0.0,0.0779,0.013,0.024
93000005_Meio_das_Asas_Congelado,TesteTempoPosicao2025-02-05 14_53_44.581098.jpg,93000005_Meio_das_Asas_Congelado,0.152,0.152,0.0559,0.0357,0.0,0.1039,0.0097,0.0192
93000005_Meio_das_Asas_Congelado,TesteTempoPosicao2025-02-05 14_54_11.042399.jpg,93000005_Meio_das_Asas_Congelado,0.152,0.152,0.0559,0.0268,0.037,0.1169,0.0162,0.0288
93000005_Meio_das_Asas_Congelado,TesteTempoPosicao2025-02-05 14_56_09.884237.jpg,93000005_Meio_das_Asas_Congelado,0.1324,0.1324,0.0186,0.0357,0.037,0.0779,0.013,0.0337
93000005_Meio_das_Asas_Congelado,TesteTempoPosicao2025-02-05 14_56_31.213458.jpg,93000005_Meio_das_Asas_Congelado,0.2108,0.2108,0.0807,0.0536,0.037,0.1429,0.0227,0.0288
93000005_Meio_das_Asas_Congelado,TesteTempoPosicao2025-02-05 14_57_15.471923.jpg,93000005_Meio_das_Asas_Congelado,0.1863,0.1863,0.0435,0.0446,0.0,0.0909,0.0162,0.0192
93000005_Meio_das_Asas_Congelado,TesteTempoPosicao2025-02-05 14_57_44.899656.jpg,93000005_Meio_das_Asas_Congelado,0.2549,0.2549,0.0435,0.0446,0.037,0.1169,0.026,0.0288
93000005_Meio_das_Asas_Congelado,TesteTempoPosicao2025-02-05 14_58_30.257235.jpg,93000005_Meio_das_Asas_Congelado,0.1814,0.1814,0.0745,0.0446,0.037,0.1039,0.0162,0.0288
93000005_Meio_das_Asas_Congelado,TesteTempoPosicao2025-02-05 14_59_39.842917.jpg,93000005_Meio_das_Asas_Congelado,0.1961,0.1961,0.0497,0.0268,0.0494,0.0909,0.013,0.024
93000005_Meio_das_Asas_Congelado,TesteTempoPosicao2025-02-05 15_00_06.536180.jpg,93000005_Meio_das_Asas_Congelado,0.1569,0.1569,0.0621,0.0446,0.037,0.0649,0.0162,0.0192
93000006_Coxinhas_das_Asas_Congelado,TesteTempoPosicao2023-03-02 10_05_00.213106.jpg,93000006_Coxinhas_das_Asas_Congelado,0.118,0.049,0.118,0.0,0.037,0.0,0.013,0.0337
93000006_Coxinhas_das_Asas_Congelado,TesteTempoPosicao2023-03-02 10_05_09.215667.jpg,93000006_Coxinhas_das_Asas_Congelado,0.1056,0.0686,0.1056,0.0357,0.0494,0.0,0.013,0.024
93000006_Coxinhas_das_Asas_Congelado,TesteTempoPosicao2023-03-02 10_05_21.344351.jpg,93000006_Coxinhas_das_Asas_Congelado,0.118,0.0441,0.118,0.0357,0.0494,0.0,0.0162,0.024
93000006_Coxinhas_das_Asas_Congelado,TesteTempoPosicao2023-03-02 10_05_29.106791.jpg,93000005_Meio_das_Asas_Congelado,0.098,0.098,0.0435,0.0,0.0617,0.0,0.0097,0.0288
93000006_Coxinhas_das_Asas_Congelado,TesteTempoPosicao2023-03-02 10_13_16.613934.jpg,unknown,0.0373,0.0196,0.0373,0.0268,0.0,0.0,0.0097,0.0192
93000006_Coxinhas_das_Asas_Congelado,TesteTempoPosicao2023-03-02 10_13_43.406180.jpg,93000006_Coxinhas_das_Asas_Congelado,0.0932,0.049,0.0932,0.0,0.037,0.0,0.0195,0.0144
93000006_Coxinhas_das_Asas_Congelado,TesteTempoPosicao2023-03-02 10_14_14.835460.jpg,93000006_Coxinhas_das_Asas_Congelado,0.0932,0.0147,0.0932,0.0,0.0,0.0,0.013,0.0144
93000006_Coxinhas_das_Asas_Congelado,TesteTempoPosicao2023-03-02 10_14_29.033359.jpg,93000006_Coxinhas_das_Asas_Congelado,0.0807,0.0147,0.0807,0.0,0.0,0.0,0.0162,0.0288
93000006_Coxinhas_das_Asas_Congelado,TesteTempoPosicao2023-03-02 10_15_31.718223.jpg,93000006_Coxinhas_das_Asas_Congelado,0.1615,0.0784,0.1615,0.0,0.037,0.0,0.0162,0.024
93000006_Coxinhas_das_Asas_Congelado,TesteTempoPosicao2023-03-02 10_15_55.481865.jpg,93000006_Coxinhas_das_Asas_Congelado,0.1739,0.0686,0.1739,0.0,0.0617,0.0,0.0097,0.024
93000006_Coxinhas_das_Asas_Congelado,TesteTempoPosicao2023-03-02 10_16_17.541980.jpg,93000006_Coxinhas_das_Asas_Congelado,0.1429,0.0441,0.1429,0.0357,0.0494,0.039,0.0097,0.024
93000006_Coxinhas_das_Asas_Congelado,TesteTempoPosicao2023-03-02 10_16_43.209728.jpg,unknown,0.0686,0.0686,0.0435,0.0536,0.037,0.0,0.0162,0.024
93000006_Coxinhas_das_Asas_Congelado,TesteTempoPosicao2023-03-02 10_16_59.103244.jpg,unknown,0.0497,0.0196,0.0497,0.0268,0.0247,0.0,0.013,0.0337
93000006_Coxinhas_das_Asas_Congelado,TesteTempoPosicao2023-03-02 10_17_25.728206.jpg,93000006_Coxinhas_das_Asas_Congelado,0.0994,0.0147,0.0994,0.0,0.0494,0.0,0.0162,0.0144
93000006_Coxinhas_das_Asas_Congelado,TesteTempoPosicao2023-03-02 10_17_43.693351.jpg,93000006_Coxinhas_das_Asas_Congelado,0.2422,0.0441,0.2422,0.0,0.0617,0.0,0.0097,0.0192
93000006_Coxinhas_das_Asas_Congelado,TesteTempoPosicao2023-03-02 10_17_59.955516.jpg,93000006_Coxinhas_das_Asas_Congelado,0.2422,0.0539,0.2422,0.0268,0.0741,0.039,0.0162,0.024
93000006_Coxinhas_das_Asas_Congelado,TesteTempoPosicao2023-03-02 10_18_23.983030.jpg,93000006_Coxinhas_das_Asas_Congelado,0.0807,0.049,0.0807,0.0,0.0,0.0,0.0097,0.0337
93000006_Coxinhas_das_Asas_Congelado,TesteTempoPosicao2023-03-02 10_18_53.976881.jpg,unknown,0.0343,0.0343,0.0248,0.0,0.0,0.0,0.013,0.0
93000006_Coxinhas_das_Asas_Congelado,TesteTempoPosicao2023-03-02 10_19_28.572387.jpg,unknown,0.0559,0.049,0.0559,0.0179,0.0247,0.0,0.013,0.0192
93000006_Coxinhas_das_Asas_Congelado,TesteTempoPosicao2023-03-02 10_19_44.402927.jpg,93000006_Coxinhas_das_Asas_Congelado,0.0932,0.0539,0.0932,0.0357,0.037,0.039,0.0162,0.0192
93000006_Coxinhas_das_Asas_Congelado,TesteTempoPosicao2023-03-02 10_20_14.730235.jpg,93000006_Coxinhas_das_Asas_Congelado,0.1677,0.0392,0.1677,0.0,0.0494,0.026,0.013,0.0096
93000006_Coxinhas_das_Asas_Congelado,TesteTempoPosicao2023-03-02 10_20_47.565871.jpg,unknown,0.0745,0.049,0.0745,0.0,0.037,0.0,0.0065,0.0288
93000006_Coxinhas_das_Asas_Congelado,TesteTempoPosicao2023-03-02 10_21_21.147414.jpg,unknown,0.0745,0.0343,0.0745,0.0,0.037,0.0,0.0065,0.0192
93000006_Coxinhas_das_Asas_Congelado,TesteTempoPosicao2023-03-02 10_21_50.475113.jpg,unknown,0.0617,0.0196,0.0373,0.0,0.0617,0.0,0.013,0.0096
93000006_Coxinhas_das_Asas_Congelado,TesteTempoPosicao2023-03-02 10_22_13.770858.jpg,93000006_Coxinhas_das_Asas_Congelado,0.1056,0.049,0.1056,0.0,0.037,0.0,0.013,0.0192
93000006_Coxinhas_das_Asas_Congelado,TesteTempoPosicao2023-03-02 10_22_47.863626.jpg,unknown,0.0649,0.0539,0.0435,0.0268,0.0,0.0649,0.0162,0.024
93000006_Coxinhas_das_Asas_Congelado,TesteTempoPosicao2025-02-05 15_33_25.002899.jpg,93000006_Coxinhas_das_Asas_Congelado,0.1056,0.0392,0.1056,0.0,0.0,0.0,0.013,0.0192
93000006_Coxinhas_das_Asas_Congelado,TesteTempoPosicao2025-02-05 15_33_40.267158.jpg,93000006_Coxinhas_das_Asas_Congelado,0.1429,0.0392,0.1429,0.0357,0.037,0.0,0.0162,0.0288
93000006_Coxinhas_das_Asas_Congelado,TesteTempoPosicao2025-02-05 15_34_12.593234.jpg,93000006_Coxinhas_das_Asas_Congelado,0.0807,0.049,0.0807,0.0268,0.0,0.0,0.0097,0.0192
93000006_Coxinhas_das_Asas_Congelado,TesteTempoPosicao2025-02-05 15_34_25.791759.jpg,unknown,0.0621,0.0245,0.0621,0.0357,0.037,0.0,0.0065,0.0192
93000006_Coxinhas_das_Asas_Congelado,TesteTempoPosicao2025-02-05 15_34_44.320450.jpg,unknown,0.049,0.049,0.0373,0.0268,0.0,0.0,0.013,0.0288
93000006_Coxinhas_das_Asas_Congelado,TesteTempoPosicao2025-02-05 15_35_01.883004.jpg,93000006_Coxinhas_das_Asas_Congelado,0.1677,0.0343,0.1677,0.0,0.0247,0.0,0.0195,0.0288
93000006_Coxinhas_das_Asas_Congelado,TesteTempoPosicao2025-02-05 15_35_21.245969.jpg,93000006_Coxinhas_das_Asas_Congelado,0.2236,0.0,0.2236,0.0,0.0,0.0,0.013,0.0192
93000006_Coxinhas_das_Asas_Congelado,TesteTempoPosicao2025-02-05 15_46_27.212448.jpg,unknown,0.0745,0.0441,0.0745,0.0357,0.0494,0.0,0.0097,0.0288
93000006_Coxinhas_das_Asas_Congelado,TesteTempoPosicao2025-02-05 15_46_53.708942.jpg,93000006_Coxinhas_das_Asas_Congelado,0.0807,0.0343,0.0807,0.0,0.0494,0.0,0.0162,0.024
93000006_Coxinhas_das_Asas_Congelado,TesteTempoPosicao2025-02-05 15_47_36.465819.jpg,unknown,0.0392,0.0392,0.0373,0.0,0.0,0.0,0.0,0.0096
93000006_Coxinhas_das_Asas_Congelado,TesteTempoPosicao2025-02-05 15_48_57.616476.jpg,93000006_Coxinhas_das_Asas_Congelado,0.1366,0.0441,0.1366,0.0,0.0494,0.0,0.013,0.024
93000006_Coxinhas_das_Asas_Congelado,TesteTempoPosicao2025-02-05 15_49_09.981523.jpg,93000006_Coxinhas_das_Asas_Congelado,0.2112,0.0392,0.2112,0.0,0.0247,0.0,0.0097,0.0288
93000006_Coxinhas_das_Asas_Congelado,TesteTempoPosicao2025-02-05 15_49_24.745076.jpg,unknown,0.0559,0.0343,0.0559,0.0,0.0247,0.0,0.013,0.0192
93000006_Coxinhas_das_Asas_Congelado,TesteTempoPosicao2025-02-05 15_49_38.975778.jpg,93000006_Coxinhas_das_Asas_Congelado,0.087,0.0245,0.087,0.0,0.037,0.0,0.0097,0.0096
93000006_Coxinhas_das_Asas_Congelado,TesteTempoPosicao2025-02-05 15_50_06.735121.jpg,93000006_Coxinhas_das_Asas_Congelado,0.1056,0.0539,0.1056,0.0,0.0494,0.0,0.013,0.0288
93000006_Coxinhas_das_Asas_Congelado,TesteTempoPosicao2025-02-05 15_50_48.194058.jpg,93000006_Coxinhas_das_Asas_Congelado,0.1056,0.0441,0.1056,0.0,0.0494,0.0,0.013,0.0288
93000006_Coxinhas_das_Asas_Congelado,TesteTempoPosicao2025-02-05 15_51_01.291031.jpg,93000006_Coxinhas_das_Asas_Congelado,0.118,0.0588,0.118,0.0,0.037,0.0,0.0195,0.0192
93000006_Coxinhas_das_Asas_Congelado,TesteTempoPosicao2025-02-05 15_51_29.220513.jpg,93000006_Coxinhas_das_Asas_Congelado,0.1366,0.0245,0.1366,0.0,0.0247,0.0,0.0097,0.0192
93000006_Coxinhas_das_Asas_Congelado,TesteTempoPosicao2025-02-05 15_51_42.117636.jpg,93000006_Coxinhas_das_Asas_Congelado,0.1242,0.0294,0.1242,0.0,0.0,0.0,0.013,0.0337
93000006_Coxinhas_das_Asas_Congelado,TesteTempoPosicao2025-02-05 15_51_45.948771.jpg,93000006_Coxinhas_das_Asas_Congelado,0.1056,0.0245,0.1056,0.0,0.0494,0.0,0.0195,0.0192
93000006_Coxinhas_das_Asas_Congelado,TesteTempoPosicao2025-02-05 15_51_47.915570.jpg,unknown,0.0373,0.0294,0.0373,0.0,0.0,0.0,0.0195,0.024
93000006_Coxinhas_das_Asas_Congelado,TesteTempoPosicao2025-02-05 15_51_49.781988.jpg,unknown,0.0683,0.0441,0.0683,0.0,0.0247,0.0,0.026,0.024
93000006_Coxinhas_das_Asas_Congelado,TesteTempoPosicao2025-02-05 15_51_51.681333.jpg,unknown,0.0196,0.0196,0.0,0.0,0.0,0.0,0.013,0.0144
93000006_Coxinhas_das_Asas_Congelado,TesteTempoPosicao2025-02-05 15_51_55.812934.jpg,93000006_Coxinhas_das_Asas_Congelado,0.0807,0.0343,0.0807,0.0,0.037,0.0,0.0195,0.024
93000025_File_de_Peito_Congelado,TesteTempoPosicao2024-11-11 12_32_26.813868.jpg,93000025_File_de_Peito_Congelado,0.2679,0.0196,0.0,0.2679,0.0,0.0649,0.0357,0.0096
93000025_File_de_Peito_Congelado,TesteTempoPosicao2024-11-11 12_32_32.092522.jpg,93000025_File_de_Peito_Congelado,0.2143,0.0196,0.0,0.2143,0.0,0.0649,0.0519,0.0096
93000025_File_de_Peito_Congelado,TesteTempoPosicao2024-11-11 12_32_34.012711.jpg,93000025_File_de_Peito_Congelado,0.2679,0.0196,0.0,0.2679,0.0,0.0519,0.0195,0.0192
93000025_File_de_Peito_Congelado,TesteTempoPosicao2024-11-11 12_32_34.012721.jpg,93000025_File_de_Peito_Congelado,0.3125,0.0196,0.0,0.3125,0.0,0.0649,0.0325,0.0
93000025_File_de_Peito_Congelado,TesteTempoPosicao2024-11-11 12_32_35.915259.jpg,93000025_File_de_Peito_Congelado,0.25,0.0098,0.0,0.25,0.0,0.0779,0.0422,0.0096
93000025_File_de_Peito_Congelado,TesteTempoPosicao2024-11-11 12_33_27.569790.jpg,93000025_File_de_Peito_Congelado,0.25,0.0196,0.0311,0.25,0.037,0.039,0.0584,0.0144
93000025_File_de_Peito_Congelado,TesteTempoPosicao2024-11-11 12_33_35.900308.jpg,93000025_File_de_Peito_Congelado,0.2768,0.0147,0.0,0.2768,0.0,0.1039,0.026,0.0144
93000025_File_de_Peito_Congelado,TesteTempoPosicao2024-11-11 12_33_37.766830 - Copia.jpg,93000025_File_de_Peito_Congelado,0.2679,0.0098,0.0,0.2679,0.0,0.0519,0.026,0.024
93000025_File_de_Peito_Congelado,TesteTempoPosicao2024-11-11 12_33_37.766830.jpg,93000025_File_de_Peito_Congelado,0.2679,0.0098,0.0,0.2679,0.0,0.0519,0.026,0.024
93000025_File_de_Peito_Congelado,TesteTempoPosicao2024-11-11 12_33_39.632885.jpg,93000025_File_de_Peito_Congelado,0.1964,0.0,0.0186,0.1964,0.0,0.0519,0.0617,0.0144
93000025_File_de_Peito_Congelado,TesteTempoPosicao2024-11-11 12_33_41.565916.jpg,93000025_File_de_Peito_Congelado,0.2143,0.0196,0.0,0.2143,0.0,0.039,0.0325,0.024
93000025_File_de_Peito_Congelado,TesteTempoPosicao2024-11-11 12_33_43.465994.jpg,93000025_File_de_Peito_Congelado,0.125,0.0147,0.0,0.125,0.0,0.0,0.026,0.0
93000025_File_de_Peito_Congelado,TesteTempoPosicao2024-11-11 12_33_47.665639.jpg,93000025_File_de_Peito_Congelado,0.1786,0.0196,0.0,0.1786,0.0,0.039,0.0097,0.0
93000025_File_de_Peito_Congelado,TesteTempoPosicao2024-11-11 12_35_59.157551.jpg,93000025_File_de_Peito_Congelado,0.1786,0.0245,0.0,0.1786,0.0,0.0649,0.0227,0.0
93000025_File_de_Peito_Congelado,TesteTempoPosicao2024-11-11 12_36_21.051012.jpg,93000025_File_de_Peito_Congelado,0.1696,0.0294,0.0,0.1696,0.0,0.0779,0.0325,0.024
93000025_File_de_Peito_Congelado,TesteTempoPosicao2024-11-11 12_37_04.021213 - Copia.jpg,93000025_File_de_Peito_Congelado,0.1786,0.0147,0.0186,0.1786,0.0247,0.039,0.0325,0.0192
93000025_File_de_Peito_Congelado,TesteTempoPosicao2024-11-11 12_37_04.021213.jpg,93000025_File_de_Peito_Congelado,0.1786,0.0147,0.0186,0.1786,0.0247,0.0,0.0325,0.0192
93000025_File_de_Peito_Congelado,TesteTempoPosicao2024-11-11 12_37_52.447389.jpg,93000025_File_de_Peito_Congelado,0.1696,0.0196,0.0,0.1696,0.0,0.0779,0.039,0.0144
93000025_File_de_Peito_Congelado,TesteTempoPosicao2024-11-11 12_38_15.395857 - Copia.jpg,93000025_File_de_Peito_Congelado,0.2054,0.0147,0.0,0.2054,0.0,0.0779,0.0195,0.024
93000025_File_de_Peito_Congelado,TesteTempoPosicao2024-11-11 12_38_15.395857.jpg,93000025_File_de_Peito_Congelado,0.2054,0.0147,0.0,0.2054,0.0,0.0779,0.0195,0.024
93000025_File_de_Peito_Congelado,TesteTempoPosicao2024-11-11 12_38_24.761764.jpg,93000025_File_de_Peito_Congelado,0.1696,0.0147,0.0,0.1696,0.0,0.0519,0.0292,0.0144
93000025_File_de_Peito_Congelado,TesteTempoPosicao2024-11-11 12_38_27.526614.jpg,93000025_File_de_Peito_Congelado,0.3214,0.0196,0.0,0.3214,0.0,0.0519,0.0682,0.0144
93000025_File_de_Peito_Congelado,TesteTempoPosicao2024-11-11 12_38_40.558450 - Copia.jpg,93000025_File_de_Peito_Congelado,0.1518,0.0,0.0,0.1518,0.0,0.0,0.0357,0.0144
93000025_File_de_Peito_Congelado,TesteTempoPosicao2024-11-11 12_38_40.558450.jpg,93000025_File_de_Peito_Congelado,0.1518,0.0,0.0,0.1518,0.0,0.0,0.0357,0.0144
93000025_File_de_Peito_Congelado,TesteTempoPosicao2024-11-11 12_39_05.017964.jpg,93000025_File_de_Peito_Congelado,0.2589,0.0294,0.0,0.2589,0.0,0.026,0.0325,0.0
93000025_File_de_Peito_Congelado,TesteTempoPosicao2024-11-11 12_39_20.450654.jpg,93000025_File_de_Peito_Congelado,0.25,0.0147,0.0,0.25,0.0,0.0519,0.0195,0.0096
93000025_File_de_Peito_Congelado,TesteTempoPosicao2024-11-11 12_39_42.144079.jpg,93000025_File_de_Peito_Congelado,0.1875,0.0196,0.0311,0.1875,0.0,0.0649,0.0162,0.0144
93000025_File_de_Peito_Congelado,TesteTempoPosicao2024-11-11 12_39_46.508923.jpg,93000025_File_de_Peito_Congelado,0.1696,0.0343,0.0,0.1696,0.0,0.0909,0.013,0.0192
93000025_File_de_Peito_Congelado,TesteTempoPosicao2024-11-11 12_40_03.807583.jpg,93000025_File_de_Peito_Congelado,0.1696,0.0245,0.0,0.1696,0.0,0.0649,0.0357,0.0096
93000025_File_de_Peito_Congelado,TesteTempoPosicao2024-11-11 12_40_08.772720.jpg,93000025_File_de_Peito_Congelado,0.1339,0.0147,0.0,0.1339,0.0,0.0779,0.0195,0.0
93000025_File_de_Peito_Congelado,TesteTempoPosicao2024-11-11 12_40_19.469910.jpg,93000025_File_de_Peito_Congelado,0.3661,0.0098,0.0,0.3661,0.0,0.0519,0.0325,0.0144
93000025_File_de_Peito_Congelado,TesteTempoPosicao2024-11-11 12_40_27.403842.jpg,93000025_File_de_Peito_Congelado,0.2411,0.0147,0.0,0.2411,0.0,0.0649,0.013,0.0
93000025_File_de_Peito_Congelado,TesteTempoPosicao2024-11-11 12_40_35.667634.jpg,93000025_File_de_Peito_Congelado,0.2054,0.0147,0.0248,0.2054,0.0,0.039,0.0325,0.0
93000025_File_de_Peito_Congelado,TesteTempoPosicao2024-11-11 12_41_03.629772 - Copia.jpg,93000025_File_de_Peito_Congelado,0.1696,0.0245,0.0,0.1696,0.0,0.026,0.0097,0.0
93000025_File_de_Peito_Congelado,TesteTempoPosicao2024-11-11 12_41_03.629772.jpg,93000025_File_de_Peito_Congelado,0.1696,0.0245,0.0,0.1696,0.0,0.0,0.0097,0.0
93000025_File_de_Peito_Congelado,TesteTempoPosicao2024-11-11 12_42_01.251018.jpg,93000025_File_de_Peito_Congelado,0.7679,0.0196,0.0,0.7679,0.0,0.0649,0.026,0.0
93000025_File_de_Peito_Congelado,TesteTempoPosicao2024-11-11 12_42_42.873323.jpg,93000025_File_de_Peito_Congelado,0.3036,0.0196,0.0,0.3036,0.0,0.0909,0.0325,0.0096
93000025_File_de_Peito_Congelado,TesteTempoPosicao2024-11-11 12_42_48.575711.jpg,93000025_File_de_Peito_Congelado,0.1786,0.0147,0.0,0.1786,0.0,0.039,0.0325,0.0
93000025_File_de_Peito_Congelado,TesteTempoPosicao2024-11-11 12_43_11.371179.jpg,93000025_File_de_Peito_Congelado,0.2411,0.0245,0.0,0.2411,0.0,0.039,0.0227,0.0144
93000025_File_de_Peito_Congelado,TesteTempoPosicao2024-11-11 12_43_25.932882.jpg,93000025_File_de_Peito_Congelado,0.125,0.0196,0.0,0.125,0.0,0.0,0.0195,0.0
93000025_File_de_Peito_Congelado,TesteTempoPosicao2024-11-11 12_43_34.937189.jpg,93000025_File_de_Peito_Congelado,0.1696,0.0294,0.0,0.1696,0.0,0.0519,0.0649,0.0
93000025_File_de_Peito_Congelado,TesteTempoPosicao2024-11-11 12_43_55.461740.jpg,93000025_File_de_Peito_Congelado,0.1786,0.0294,0.0,0.1786,0.0,0.0649,0.0195,0.0144
93000025_File_de_Peito_Congelado,TesteTempoPosicao2024-11-11 12_45_59.468535.jpg,93000025_File_de_Peito_Congelado,0.1429,0.0245,0.0,0.1429,0.0,0.0909,0.013,0.0192
93000025_File_de_Peito_Congelado,TesteTempoPosicao2024-11-11 12_46_07.067203.jpg,93000025_File_de_Peito_Congelado,0.2143,0.0147,0.0,0.2143,0.0,0.039,0.0422,0.0144
93000025_File_de_Peito_Congelado,TesteTempoPosicao2024-11-11 12_46_19.298342.jpg,93000025_File_de_Peito_Congelado,0.1607,0.0245,0.0,0.1607,0.0,0.039,0.0195,0.0
93000025_File_de_Peito_Congelado,TesteTempoPosicao2024-11-11 12_46_39.033109.jpg,93000025_File_de_Peito_Congelado,0.0893,0.0,0.0,0.0893,0.0,0.039,0.0,0.0
93000025_File_de_Peito_Congelado,TesteTempoPosicao2024-11-11 12_46_49.426479.jpg,93000025_File_de_Peito_Congelado,0.1518,0.0147,0.0,0.1518,0.0,0.039,0.0325,0.0096
93000025_File_de_Peito_Congelado,TesteTempoPosicao2024-11-11 12_47_33.016672.jpg,93000025_File_de_Peito_Congelado,0.1429,0.0147,0.0,0.1429,0.0,0.0779,0.0195,0.0
93000025_File_de_Peito_Congelado,TesteTempoPosicao2024-11-11 12_47_47.682052.jpg,93000025_File_de_Peito_Congelado,0.1339,0.0196,0.0,0.1339,0.0,0.0779,0.0292,0.0144
93000025_File_de_Peito_Congelado,TesteTempoPosicao2024-11-11 12_47_58.779157.jpg,93000025_File_de_Peito_Congelado,0.1786,0.0245,0.0,0.1786,0.0,0.039,0.0292,0.0192
93000064_Coracao,TesteTempoPosicao2025-02-19 13_45_06.254276.jpg,93000064_Coracao,0.2099,0.0,0.0373,0.0,0.2099,0.0,0.0,0.0144
93000064_Coracao,TesteTempoPosicao2025-02-19 13_45_11.888158.jpg,93000064_Coracao,0.1975,0.0245,0.0248,0.0,0.1975,0.0,0.0065,0.0192
93000064_Coracao,TesteTempoPosicao2025-02-19 13_45_47.013093.jpg,93000064_Coracao,0.1111,0.0,0.0,0.0446,0.1111,0.039,0.013,0.0192
93000064_Coracao,TesteTempoPosicao2025-02-19 13_47_01.899586.jpg,93000064_Coracao,0.0864,0.0,0.0,0.0,0.0864,0.0,0.0162,0.0192
93000064_Coracao,TesteTempoPosicao2025-02-19 13_47_11.962591.jpg,93000064_Coracao,0.1975,0.0098,0.0248,0.0,0.1975,0.0,0.0097,0.0144
93000064_Coracao,TesteTempoPosicao2025-02-19 13_47_15.695242.jpg,93000064_Coracao,0.1605,0.0147,0.0559,0.0,0.1605,0.0,0.013,0.0288
93000064_Coracao,TesteTempoPosicao2025-02-19 13_47_37.224426.jpg,93000064_Coracao,0.2469,0.0196,0.0497,0.0268,0.2469,0.039,0.0162,0.0337
93000064_Coracao,TesteTempoPosicao2025-02-19 13_48_11.950748.jpg,93000064_Coracao,0.2346,0.0147,0.0248,0.0,0.2346,0.0,0.013,0.0288
93000064_Coracao,TesteTempoPosicao2025-02-19 13_48_44.544315.jpg,93000064_Coracao,0.1605,0.0,0.0,0.0179,0.1605,0.026,0.013,0.024
93000064_Coracao,TesteTempoPosicao2025-02-19 13_49_42.465748.jpg,93000064_Coracao,0.1235,0.0098,0.0311,0.0,0.1235,0.039,0.013,0.0192
93000064_Coracao,TesteTempoPosicao2025-02-19 13_49_50.830604.jpg,93000064_Coracao,0.2346,0.0147,0.0248,0.0,0.2346,0.0,0.013,0.024
93000064_Coracao,TesteTempoPosicao2025-02-19 13_49_52.730517.jpg,93000064_Coracao,0.1852,0.0,0.0311,0.0,0.1852,0.0,0.013,0.0192
93000064_Coracao,TesteTempoPosicao2025-02-19 13_53_29.220529.jpg,93000064_Coracao,0.1728,0.0147,0.0311,0.0,0.1728,0.0,0.0097,0.0192
93000064_Coracao,TesteTempoPosicao2025-02-19 13_53_31.120128.jpg,93000064_Coracao,0.1358,0.0098,0.0,0.0,0.1358,0.0,0.0162,0.024
93000064_Coracao,TesteTempoPosicao2025-02-19 13_53_33.119523.jpg,93000064_Coracao,0.1235,0.0,0.0186,0.0,0.1235,0.0,0.0097,0.024
93000064_Coracao,TesteTempoPosicao2025-02-19 13_53_56.248692.jpg,93000064_Coracao,0.2222,0.0196,0.0311,0.0268,0.2222,0.0,0.0195,0.0144
93000064_Coracao,TesteTempoPosicao2025-02-19 13_54_15.811034.jpg,93000064_Coracao,0.2222,0.0,0.0248,0.0268,0.2222,0.039,0.0097,0.0288
93000064_Coracao,TesteTempoPosicao2025-02-19 13_54_35.473886.jpg,93000064_Coracao,0.1852,0.0,0.0248,0.0,0.1852,0.0,0.013,0.0192
93000064_Coracao,TesteTempoPosicao2025-02-19 13_55_12.200131.jpg,93000064_Coracao,0.2469,0.0098,0.0,0.0,0.2469,0.0,0.013,0.024
93000064_Coracao,TesteTempoPosicao2025-02-19 13_55_26.529727.jpg,93000064_Coracao,0.1358,0.0147,0.0,0.0,0.1358,0.0519,0.0097,0.0
93000064_Coracao,TesteTempoPosicao2025-02-19 13_56_31.583896.jpg,93000064_Coracao,0.1852,0.0196,0.0373,0.0,0.1852,0.0,0.013,0.0144
93000064_Coracao,TesteTempoPosicao2025-02-19 13_56_51.546239.jpg,93000064_Coracao,0.1852,0.0147,0.0,0.0,0.1852,0.0,0.0097,0.0
93000064_Coracao,TesteTempoPosicao2025-02-19 13_57_33.371411.jpg,93000064_Coracao,0.0864,0.0098,0.0,0.0,0.0864,0.0,0.0162,0.0096
93000064_Coracao,TesteTempoPosicao2025-02-19 13_57_35.337513.jpg,93000064_Coracao,0.1975,0.0147,0.0248,0.0,0.1975,0.0,0.013,0.0337
93000064_Coracao,TesteTempoPosicao2025-02-19 13_57_40.604789.jpg,93000064_Coracao,0.2716,0.0196,0.0248,0.0,0.2716,0.0,0.0065,0.0337
93000064_Coracao,TesteTempoPosicao2025-02-19 13_57_59.567255.jpg,93000064_Coracao,0.1852,0.0196,0.0,0.0,0.1852,0.039,0.013,0.0192
93000064_Coracao,TesteTempoPosicao2025-02-19 13_58_20.363100.jpg,93000064_Coracao,0.2099,0.0147,0.0248,0.0,0.2099,0.0,0.0097,0.0144
93000064_Coracao,TesteTempoPosicao2025-02-19 13_58_40.757610.jpg,93000064_Coracao,0.2346,0.0294,0.0311,0.0268,0.2346,0.0,0.0097,0.024
93000064_Coracao,TesteTempoPosicao2025-02-19 13_59_23.915739.jpg,93000064_Coracao,0.2593,0.0147,0.0373,0.0,0.2593,0.0,0.0162,0.0288
93000064_Coracao,TesteTempoPosicao2025-02-19 13_59_25.782262.jpg,93000064_Coracao,0.1728,0.0,0.0,0.0179,0.1728,0.0,0.013,0.024
93000064_Coracao,TesteTempoPosicao2025-02-19 14_00_07.075198.jpg,93000064_Coracao,0.1975,0.0147,0.0,0.0,0.1975,0.0,0.013,0.0288
93000064_Coracao,TesteTempoPosicao2025-02-19 14_00_27.236535.jpg,93000064_Coracao,0.2593,0.0147,0.0248,0.0,0.2593,0.0,0.0097,0.0288
93000064_Coracao,TesteTempoPosicao2025-02-19 14_00_30.502563.jpg,93000064_Coracao,0.2469,0.0,0.0435,0.0,0.2469,0.0,0.0097,0.024
93000064_Coracao,TesteTempoPosicao2025-02-19 14_01_50.886393.jpg,93000064_Coracao,0.1728,0.0196,0.0248,0.0357,0.1728,0.026,0.0195,0.024
93000064_Coracao,TesteTempoPosicao2025-02-19 14_01_53.319103.jpg,93000064_Coracao,0.1975,0.0147,0.0248,0.0,0.1975,0.0,0.0097,0.0144
93000064_Coracao,TesteTempoPosicao2025-02-19 14_02_14.981095.jpg,93000064_Coracao,0.2222,0.0,0.0248,0.0357,0.2222,0.026,0.013,0.0144
93000064_Coracao,TesteTempoPosicao2025-02-19 14_02_36.610353.jpg,93000064_Coracao,0.2469,0.0147,0.0,0.0,0.2469,0.026,0.0162,0.024
93000064_Coracao,TesteTempoPosicao2025-02-19 14_02_57.973078.jpg,93000064_Coracao,0.2716,0.0147,0.0,0.0268,0.2716,0.0,0.0162,0.0192
93000064_Coracao,TesteTempoPosicao2025-02-19 14_03_44.198125.jpg,93000064_Coracao,0.1111,0.0147,0.0186,0.0,0.1111,0.0,0.0097,0.0192
93000064_Coracao,TesteTempoPosicao2025-02-19 14_04_01.526993.jpg,93000064_Coracao,0.2469,0.0,0.0,0.0,0.2469,0.0,0.0097,0.0192
93000064_Coracao,TesteTempoPosicao2025-02-19 14_04_03.426530.jpg,93000064_Coracao,0.1728,0.0147,0.0248,0.0,0.1728,0.0,0.0195,0.0192
93000064_Coracao,TesteTempoPosicao2025-02-19 14_04_24.022660.jpg,93000064_Coracao,0.2593,0.0098,0.0124,0.0,0.2593,0.0,0.0097,0.024
93000064_Coracao,TesteTempoPosicao2025-02-19 14_04_46.784931.jpg,93000064_Coracao,0.1605,0.0147,0.0186,0.0,0.1605,0.0,0.013,0.0144
93000064_Coracao,TesteTempoPosicao2025-02-19 14_05_37.340729.jpg,93000064_Coracao,0.2346,0.0147,0.0311,0.0,0.2346,0.0649,0.013,0.0192
93000064_Coracao,TesteTempoPosicao2025-02-19 14_05_39.240415.jpg,93000064_Coracao,0.2346,0.0147,0.0124,0.0,0.2346,0.0,0.0195,0.0337
93000064_Coracao,TesteTempoPosicao2025-02-19 14_06_08.534236.jpg,93000064_Coracao,0.1235,0.0,0.0,0.0,0.1235,0.0,0.0097,0.0192
93000064_Coracao,TesteTempoPosicao2025-02-19 14_06_33.162790.jpg,93000064_Coracao,0.2099,0.0098,0.0311,0.0,0.2099,0.0,0.013,0.0192
93000064_Coracao,TesteTempoPosicao2025-02-19 14_07_06.922789.jpg,93000064_Coracao,0.2469,0.0147,0.0,0.0,0.2469,0.0519,0.0097,0.0144
93000064_Coracao,TesteTempoPosicao2025-02-19 14_07_48.381430.jpg,93000064_Coracao,0.1235,0.0,0.0248,0.0,0.1235,0.0,0.0097,0.0096
93000064_Coracao,TesteTempoPosicao2025-02-19 14_08_11.476730.jpg,93000064_Coracao,0.1975,0.0,0.0373,0.0,0.1975,0.0,0.0195,0.0385
93000068_Moela_Congelada,TesteTempoPosicao2025-02-07 12_40_55.051448.jpg,93000068_Moela_Congelada,0.0909,0.0196,0.0,0.0,0.0247,0.0909,0.0162,0.0
93000068_Moela_Congelada,TesteTempoPosicao2025-02-07 12_41_24.779015.jpg,93000068_Moela_Congelada,0.1039,0.0147,0.0,0.0268,0.0,0.1039,0.013,0.024
93000068_Moela_Congelada,TesteTempoPosicao2025-02-07 12_41_47.774417.jpg,93000068_Moela_Congelada,0.2078,0.0294,0.0,0.0,0.037,0.2078,0.013,0.0
93000068_Moela_Congelada,TesteTempoPosicao2025-02-07 12_42_13.002299.jpg,93000068_Moela_Congelada,0.0909,0.0196,0.0,0.0,0.0,0.0909,0.0,0.0
93000068_Moela_Congelada,TesteTempoPosicao2025-02-07 12_42_34.397494.jpg,93000068_Moela_Congelada,0.2727,0.0196,0.0,0.0357,0.0617,0.2727,0.0097,0.024
93000068_Moela_Congelada,TesteTempoPosicao2025-02-07 12_43_06.158516.jpg,93000068_Moela_Congelada,0.2078,0.0343,0.0186,0.0,0.037,0.2078,0.0162,0.0
93000068_Moela_Congelada,TesteTempoPosicao2025-02-07 12_43_30.653853.jpg,93000068_Moela_Congelada,0.1818,0.0147,0.0,0.0,0.0,0.1818,0.0,0.0
93000068_Moela_Congelada,TesteTempoPosicao2025-02-07 12_44_09.912487.jpg,93000068_Moela_Congelada,0.0909,0.0,0.0,0.0,0.0,0.0909,0.0,0.0
93000068_Moela_Congelada,TesteTempoPosicao2025-02-07 12_44_32.042378.jpg,93000068_Moela_Congelada,0.1818,0.0,0.0,0.0,0.0,0.1818,0.0,0.0
93000068_Moela_Congelada,TesteTempoPosicao2025-02-07 12_44_55.135306.jpg,93000068_Moela_Congelada,0.1558,0.0147,0.0,0.0,0.0617,0.1558,0.0,0.0
93000068_Moela_Congelada,TesteTempoPosicao2025-02-07 12_45_18.797328.jpg,93000068_Moela_Congelada,0.1429,0.0196,0.0,0.0,0.0,0.1429,0.0,0.0144
93000068_Moela_Congelada,TesteTempoPosicao2025-02-07 12_45_40.426225.jpg,93000068_Moela_Congelada,0.1299,0.0,0.0,0.0,0.0,0.1299,0.0065,0.0
93000068_Moela_Congelada,TesteTempoPosicao2025-02-07 12_46_07.922336.jpg,93000068_Moela_Congelada,0.1948,0.0245,0.0,0.0357,0.0,0.1948,0.0,0.0192
93000068_Moela_Congelada,TesteTempoPosicao2025-02-07 12_46_53.313342.jpg,93000068_Moela_Congelada,0.1948,0.0294,0.0,0.0,0.0,0.1948,0.0162,0.0
93000068_Moela_Congelada,TesteTempoPosicao2025-02-07 12_47_17.708351.jpg,93000068_Moela_Congelada,0.1039,0.0294,0.0,0.0357,0.0,0.1039,0.013,0.0
93000068_Moela_Congelada,TesteTempoPosicao2025-02-07 12_53_01.637991.jpg,93000068_Moela_Congelada,0.1429,0.0392,0.0,0.0,0.0,0.1429,0.0,0.0
93000068_Moela_Congelada,TesteTempoPosicao2025-02-07 12_53_30.366952.jpg,unknown,0.0,0.0,0.0,0.0,0.0,0.0,0.0,0.0
93000068_Moela_Congelada,TesteTempoPosicao2025-02-07 12_53_58.093529.jpg,93000068_Moela_Congelada,0.1948,0.0245,0.0,0.0268,0.0,0.1948,0.0,0.0
93000068_Moela_Congelada,TesteTempoPosicao2025-02-07 12_54_19.423228.jpg,93000068_Moela_Congelada,0.2727,0.0343,0.0,0.0268,0.037,0.2727,0.0065,0.0
93000068_Moela_Congelada,TesteTempoPosicao2025-02-07 12_54_46.250588.jpg,93000068_Moela_Congelada,0.1558,0.0196,0.0,0.0,0.0247,0.1558,0.013,0.0
93000068_Moela_Congelada,TesteTempoPosicao2025-02-07 12_55_04.613071.jpg,93000068_Moela_Congelada,0.1688,0.0196,0.0,0.0446,0.0,0.1688,0.0097,0.0
93000068_Moela_Congelada,TesteTempoPosicao2025-02-07 12_55_31.641594.jpg,93000068_Moela_Congelada,0.1558,0.0245,0.0,0.0,0.037,0.1558,0.0,0.0144
93000068_Moela_Congelada,TesteTempoPosicao2025-02-07 12_55_54.605434.jpg,unknown,0.0,0.0,0.0,0.0,0.0,0.0,0.0,0.0
93000068_Moela_Congelada,TesteTempoPosicao2025-02-07 12_56_41.495951.jpg,unknown,0.0519,0.0,0.0,0.0,0.037,0.0519,0.0,0.0
93000068_Moela_Congelada,TesteTempoPosicao2025-02-07 12_57_11.554230.jpg,93000068_Moela_Congelada,0.1169,0.0,0.0,0.0,0.0,0.1169,0.0097,0.0
93000068_Moela_Congelada,TesteTempoPosicao2025-02-07 12_58_48.469178.jpg,93000068_Moela_Congelada,0.1558,0.0196,0.0,0.0,0.0,0.1558,0.0,0.0
93000068_Moela_Congelada,TesteTempoPosicao2025-02-07 12_59_24.927967.jpg,93000068_Moela_Congelada,0.2468,0.0392,0.0,0.0446,0.0494,0.2468,0.0195,0.0
93000068_Moela_Congelada,TesteTempoPosicao2025-02-07 12_59_53.555819.jpg,93000068_Moela_Congelada,0.1169,0.0196,0.0,0.0,0.0494,0.1169,0.0,0.0
93000068_Moela_Congelada,TesteTempoPosicao2025-02-07 13_01_01.142412.jpg,93000068_Moela_Congelada,0.1558,0.0196,0.0,0.0,0.0617,0.1558,0.0162,0.0192
93000068_Moela_Congelada,TesteTempoPosicao2025-02-07 13_01_35.202082.jpg,93000068_Moela_Congelada,0.1688,0.0147,0.0,0.0536,0.037,0.1688,0.013,0.0
93000068_Moela_Congelada,TesteTempoPosicao2025-02-07 13_02_09.828077.jpg,93000068_Moela_Congelada,0.1299,0.0,0.0,0.0,0.0,0.1299,0.0097,0.0
93000068_Moela_Congelada,TesteTempoPosicao2025-02-07 13_02_44.556317.jpg,93000068_Moela_Congelada,0.1039,0.0,0.0,0.0446,0.0,0.1039,0.0,0.0
93000068_Moela_Congelada,TesteTempoPosicao2025-02-07 13_04_42.697488.jpg,93000068_Moela_Congelada,0.1169,0.0,0.0,0.0,0.0494,0.1169,0.0,0.0
93000068_Moela_Congelada,TesteTempoPosicao2025-02-07 13_05_06.394558.jpg,unknown,0.0,0.0,0.0,0.0,0.0,0.0,0.0,0.0
93000068_Moela_Congelada,TesteTempoPosicao2025-02-07 13_05_55.049995.jpg,unknown,0.0779,0.0,0.0,0.0,0.0,0.0779,0.0,0.0
93000068_Moela_Congelada,TesteTempoPosicao2025-02-07 13_06_25.678764.jpg,93000068_Moela_Congelada,0.1299,0.0245,0.0,0.0,0.0494,0.1299,0.0,0.0
93000068_Moela_Congelada,TesteTempoPosicao2025-02-07 13_07_06.335812.jpg,93000068_Moela_Congelada,0.2597,0.0245,0.0248,0.0357,0.037,0.2597,0.0162,0.0288
93000068_Moela_Congelada,TesteTempoPosicao2025-02-07 13_07_49.627168.jpg,93000068_Moela_Congelada,0.2338,0.0294,0.0,0.0,0.0,0.2338,0.0,0.0
93000068_Moela_Congelada,TesteTempoPosicao2025-02-07 13_08_29.285892.jpg,93000068_Moela_Congelada,0.1818,0.0196,0.0,0.0,0.0,0.1818,0.013,0.0
93000068_Moela_Congelada,TesteTempoPosicao2025-02-07 13_08_50.483202.jpg,93000068_Moela_Congelada,0.2468,0.0343,0.0,0.0268,0.0617,0.2468,0.013,0.0144
93000068_Moela_Congelada,TesteTempoPosicao2025-02-07 13_09_45.372313.jpg,93000068_Moela_Congelada,0.1169,0.0147,0.0,0.0,0.0,0.1169,0.0,0.0
93000068_Moela_Congelada,TesteTempoPosicao2025-02-07 13_10_26.195898.jpg,93000068_Moela_Congelada,0.2078,0.0343,0.0,0.0357,0.0,0.2078,0.0195,0.0
93000068_Moela_Congelada,TesteTempoPosicao2025-02-07 13_10_39.026525.jpg,93000068_Moela_Congelada,0.1818,0.0147,0.0,0.0,0.0,0.1818,0.013,0.0
93000068_Moela_Congelada,TesteTempoPosicao2025-02-07 13_11_03.987889.jpg,93000068_Moela_Congelada,0.1688,0.0294,0.0,0.0536,0.0,0.1688,0.013,0.024
93000068_Moela_Congelada,TesteTempoPosicao2025-02-07 13_11_25.785110.jpg,93000068_Moela_Congelada,0.2208,0.0245,0.0,0.0357,0.0,0.2208,0.0162,0.0
93000068_Moela_Congelada,TesteTempoPosicao2025-02-07 13_12_22.072449.jpg,93000068_Moela_Congelada,0.2468,0.0294,0.0,0.0,0.0494,0.2468,0.0162,0.0144
93000068_Moela_Congelada,TesteTempoPosicao2025-02-07 13_13_37.625523.jpg,93000068_Moela_Congelada,0.3117,0.0343,0.0,0.0536,0.037,0.3117,0.013,0.0144
93000068_Moela_Congelada,TesteTempoPosicao2025-02-07 13_14_31.748557.jpg,93000068_Moela_Congelada,0.1558,0.0196,0.0,0.0357,0.0,0.1558,0.0,0.0144
93000068_Moela_Congelada,TesteTempoPosicao2025-02-07 13_15_15.739726.jpg,93000068_Moela_Congelada,0.2857,0.0245,0.0,0.0446,0.0494,0.2857,0.0162,0.0144
93000068_Moela_Congelada,TesteTempoPosicao2025-02-07 13_16_17.926803.jpg,93000068_Moela_Congelada,0.2857,0.0245,0.0186,0.0446,0.0,0.2857,0.0,0.0
93000096_File_de_Coxas_e_Sobre_Coxas_com_Pele_Congelado,TesteTempoPosicao2025-02-05 16_03_11.511522.jpg,93000096_File_de_Coxas_e_Sobre_Coxas_com_Pele_Congelado,0.0974,0.0196,0.0311,0.0536,0.037,0.039,0.0974,0.0433
93000096_File_de_Coxas_e_Sobre_Coxas_com_Pele_Congelado,TesteTempoPosicao2025-02-05 16_06_16.707636.jpg,93000025_File_de_Peito_Congelado,0.125,0.0147,0.0311,0.125,0.0617,0.0519,0.0649,0.0337
93000096_File_de_Coxas_e_Sobre_Coxas_com_Pele_Congelado,TesteTempoPosicao2025-02-05 16_06_40.036808.jpg,unknown,0.0536,0.0098,0.0311,0.0536,0.0,0.0,0.0455,0.0144
93000096_File_de_Coxas_e_Sobre_Coxas_com_Pele_Congelado,TesteTempoPosicao2025-02-05 16_07_21.928449.jpg,93000096_File_de_Coxas_e_Sobre_Coxas_com_Pele_Congelado,0.0942,0.0196,0.0186,0.0893,0.0494,0.0519,0.0942,0.0481
93000096_File_de_Coxas_e_Sobre_Coxas_com_Pele_Congelado,TesteTempoPosicao2025-02-05 16_07_53.488643.jpg,unknown,0.0617,0.0196,0.0186,0.0536,0.0494,0.026,0.0617,0.024
93000096_File_de_Coxas_e_Sobre_Coxas_com_Pele_Congelado,TesteTempoPosicao2025-02-05 16_08_23.582620.jpg,unknown,0.0682,0.0294,0.0497,0.0357,0.0494,0.0519,0.0682,0.0288
93000096_File_de_Coxas_e_Sobre_Coxas_com_Pele_Congelado,TesteTempoPosicao2025-02-05 16_08_39.745280.jpg,93000096_File_de_Coxas_e_Sobre_Coxas_com_Pele_Congelado,0.0942,0.0245,0.0311,0.0625,0.037,0.039,0.0942,0.0577
93000096_File_de_Coxas_e_Sobre_Coxas_com_Pele_Congelado,TesteTempoPosicao2025-02-05 16_09_15.839959.jpg,93000096_File_de_Coxas_e_Sobre_Coxas_com_Pele_Congelado,0.75,0.0294,0.0248,0.0625,0.0494,0.0519,0.75,0.0481
93000096_File_de_Coxas_e_Sobre_Coxas_com_Pele_Congelado,TesteTempoPosicao2025-02-05 16_09_40.335159.jpg,93000064_Coracao,0.0864,0.0196,0.0186,0.0446,0.0864,0.0519,0.0844,0.0481
93000096_File_de_Coxas_e_Sobre_Coxas_com_Pele_Congelado,TesteTempoPosicao2025-02-05 16_10_05.195852.jpg,93000096_File_de_Coxas_e_Sobre_Coxas_com_Pele_Congelado,0.1558,0.0245,0.0248,0.0893,0.0494,0.039,0.1558,0.0721
93000096_File_de_Coxas_e_Sobre_Coxas_com_Pele_Congelado,TesteTempoPosicao2025-02-05 16_10_49.953415.jpg,93000096_File_de_Coxas_e_Sobre_Coxas_com_Pele_Congelado,0.1006,0.0147,0.0435,0.0714,0.0617,0.0,0.1006,0.0625
93000096_File_de_Coxas_e_Sobre_Coxas_com_Pele_Congelado,TesteTempoPosicao2025-02-05 16_12_01.206854.jpg,93000096_File_de_Coxas_e_Sobre_Coxas_com_Pele_Congelado,0.0812,0.0245,0.0186,0.0536,0.0,0.039,0.0812,0.0481
93000096_File_de_Coxas_e_Sobre_Coxas_com_Pele_Congelado,TesteTempoPosicao2025-02-05 16_12_49.297342.jpg,unknown,0.0714,0.0343,0.0248,0.0536,0.0,0.0519,0.0714,0.0337
93000096_File_de_Coxas_e_Sobre_Coxas_com_Pele_Congelado,TesteTempoPosicao2025-02-05 16_13_23.722100.jpg,unknown,0.0779,0.0245,0.0186,0.0625,0.0,0.039,0.0779,0.0337
93000096_File_de_Coxas_e_Sobre_Coxas_com_Pele_Congelado,TesteTempoPosicao2025-02-05 16_14_00.948122.jpg,93000096_File_de_Coxas_e_Sobre_Coxas_com_Pele_Congelado,0.1071,0.0392,0.0186,0.0536,0.0,0.026,0.1071,0.0481
93000096_File_de_Coxas_e_Sobre_Coxas_com_Pele_Congelado,TesteTempoPosicao2025-02-05 16_14_32.743576.jpg,93000096_File_de_Coxas_e_Sobre_Coxas_com_Pele_Congelado,0.0877,0.0196,0.0311,0.0714,0.037,0.0519,0.0877,0.0529
93000096_File_de_Coxas_e_Sobre_Coxas_com_Pele_Congelado,TesteTempoPosicao2025-02-05 16_15_07.103055.jpg,93000096_File_de_Coxas_e_Sobre_Coxas_com_Pele_Congelado,0.1656,0.0245,0.0248,0.0446,0.0494,0.0519,0.1656,0.0625
93000096_File_de_Coxas_e_Sobre_Coxas_com_Pele_Congelado,TesteTempoPosicao2025-02-05 16_15_34.562508.jpg,93000025_File_de_Peito_Congelado,0.0804,0.0196,0.0186,0.0804,0.0741,0.0,0.0487,0.0481
93000096_File_de_Coxas_e_Sobre_Coxas_com_Pele_Congelado,TesteTempoPosicao2025-02-05 16_15_53.725217.jpg,unknown,0.0617,0.0147,0.0,0.0536,0.0,0.039,0.0617,0.024
93000096_File_de_Coxas_e_Sobre_Coxas_com_Pele_Congelado,TesteTempoPosicao2025-02-05 16_16_21.053220.jpg,93000096_File_de_Coxas_e_Sobre_Coxas_com_Pele_Congelado,0.0877,0.0147,0.0,0.0446,0.0,0.039,0.0877,0.0481
93000096_File_de_Coxas_e_Sobre_Coxas_com_Pele_Congelado,TesteTempoPosicao2025-02-05 16_16_48.214788.jpg,93000025_File_de_Peito_Congelado,0.0893,0.0343,0.0435,0.0893,0.037,0.039,0.0649,0.0337
93000096_File_de_Coxas_e_Sobre_Coxas_com_Pele_Congelado,TesteTempoPosicao2025-02-05 16_18_07.564044.jpg,unknown,0.0455,0.0147,0.0311,0.0357,0.037,0.0,0.0455,0.024
93000096_File_de_Coxas_e_Sobre_Coxas_com_Pele_Congelado,TesteTempoPosicao2025-02-05 16_18_25.262115.jpg,unknown,0.0433,0.0196,0.0186,0.0268,0.0,0.0,0.039,0.0433
93000096_File_de_Coxas_e_Sobre_Coxas_com_Pele_Congelado,TesteTempoPosicao2025-02-05 16_18_45.025950.jpg,unknown,0.0682,0.0196,0.0186,0.0357,0.0617,0.0649,0.0682,0.024
93000096_File_de_Coxas_e_Sobre_Coxas_com_Pele_Congelado,TesteTempoPosicao2025-02-05 16_19_21.152170.jpg,unknown,0.0617,0.0,0.0186,0.0,0.0,0.0,0.0617,0.0433
93000096_File_de_Coxas_e_Sobre_Coxas_com_Pele_Congelado,TesteTempoPosicao2025-02-05 16_19_38.913769.jpg,93000096_File_de_Coxas_e_Sobre_Coxas_com_Pele_Congelado,0.0909,0.0245,0.0248,0.0536,0.0,0.0,0.0909,0.0529
93000096_File_de_Coxas_e_Sobre_Coxas_com_Pele_Congelado,TesteTempoPosicao2025-02-05 16_21_15.795927.jpg,93000096_File_de_Coxas_e_Sobre_Coxas_com_Pele_Congelado,0.0942,0.0196,0.0124,0.0446,0.037,0.0519,0.0942,0.0288
93000096_File_de_Coxas_e_Sobre_Coxas_com_Pele_Congelado,TesteTempoPosicao2025-02-05 16_21_34.557183.jpg,93000096_File_de_Coxas_e_Sobre_Coxas_com_Pele_Congelado,0.0974,0.0196,0.0311,0.0714,0.037,0.0519,0.0974,0.0481
93000096_File_de_Coxas_e_Sobre_Coxas_com_Pele_Congelado,TesteTempoPosicao2025-02-05 16_21_38.689306.jpg,93000096_File_de_Coxas_e_Sobre_Coxas_com_Pele_Congelado,0.0844,0.0196,0.0186,0.0714,0.037,0.039,0.0844,0.0529
93000096_File_de_Coxas_e_Sobre_Coxas_com_Pele_Congelado,TesteTempoPosicao2025-02-05 16_21_51.853192.jpg,unknown,0.0536,0.0147,0.0373,0.0536,0.0,0.039,0.0519,0.0385
93000096_File_de_Coxas_e_Sobre_Coxas_com_Pele_Congelado,TesteTempoPosicao2025-02-05 16_22_24.847852.jpg,93000025_File_de_Peito_Congelado,0.1429,0.0294,0.0311,0.1429,0.0,0.0519,0.0649,0.024
93000096_File_de_Coxas_e_Sobre_Coxas_com_Pele_Congelado,TesteTempoPosicao2025-02-05 16_24_36.988562.jpg,93000096_File_de_Coxas_e_Sobre_Coxas_com_Pele_Congelado,0.1234,0.0245,0.0186,0.0268,0.0494,0.0,0.1234,0.0385
93000096_File_de_Coxas_e_Sobre_Coxas_com_Pele_Congelado,TesteTempoPosicao2025-02-05 16_24_55.917293.jpg,93000096_File_de_Coxas_e_Sobre_Coxas_com_Pele_Congelado,0.0812,0.0294,0.0248,0.0625,0.0494,0.039,0.0812,0.0481
93000096_File_de_Coxas_e_Sobre_Coxas_com_Pele_Congelado,TesteTempoPosicao2025-02-05 16_24_57.849829.jpg,93000025_File_de_Peito_Congelado,0.0982,0.0147,0.0186,0.0982,0.037,0.0909,0.0877,0.0577
93000096_File_de_Coxas_e_Sobre_Coxas_com_Pele_Congelado,TesteTempoPosicao2025-02-05 16_24_59.816061.jpg,93000096_File_de_Coxas_e_Sobre_Coxas_com_Pele_Congelado,0.1006,0.0196,0.0,0.0804,0.0494,0.0519,0.1006,0.0481
93000096_File_de_Coxas_e_Sobre_Coxas_com_Pele_Congelado,TesteTempoPosicao2025-02-05 16_25_01.715924.jpg,93000096_File_de_Coxas_e_Sobre_Coxas_com_Pele_Congelado,0.0844,0.0294,0.0373,0.0804,0.0494,0.0649,0.0844,0.0481
93000096_File_de_Coxas_e_Sobre_Coxas_com_Pele_Congelado,TesteTempoPosicao2025-02-05 16_25_15.579404.jpg,unknown,0.0584,0.0147,0.0186,0.0446,0.0,0.0,0.0584,0.0337
93000096_File_de_Coxas_e_Sobre_Coxas_com_Pele_Congelado,TesteTempoPosicao2025-02-05 16_25_38.608635.jpg,unknown,0.0747,0.0196,0.0186,0.0625,0.037,0.0649,0.0747,0.0433
93000096_File_de_Coxas_e_Sobre_Coxas_com_Pele_Congelado,TesteTempoPosicao2025-02-05 16_26_02.604026.jpg,unknown,0.0536,0.0147,0.0,0.0536,0.0,0.039,0.0422,0.0192
93000096_File_de_Coxas_e_Sobre_Coxas_com_Pele_Congelado,TesteTempoPosicao2025-02-05 16_32_52.588177.jpg,93000096_File_de_Coxas_e_Sobre_Coxas_com_Pele_Congelado,0.1948,0.0343,0.0248,0.1071,0.0741,0.1039,0.1948,0.0577
93000096_File_de_Coxas_e_Sobre_Coxas_com_Pele_Congelado,TesteTempoPosicao2025-02-05 16_33_00.986679.jpg,unknown,0.0519,0.0245,0.0248,0.0,0.0494,0.039,0.0519,0.0481
93000096_File_de_Coxas_e_Sobre_Coxas_com_Pele_Congelado,TesteTempoPosicao2025-02-05 16_33_02.752443.jpg,unknown,0.0584,0.0147,0.0,0.0,0.0247,0.039,0.0584,0.0481
93000096_File_de_Coxas_e_Sobre_Coxas_com_Pele_Congelado,TesteTempoPosicao2025-02-05 16_33_04.652202.jpg,93000096_File_de_Coxas_e_Sobre_Coxas_com_Pele_Congelado,0.0974,0.0147,0.0186,0.0357,0.0494,0.0,0.0974,0.0817
93000096_File_de_Coxas_e_Sobre_Coxas_com_Pele_Congelado,TesteTempoPosicao2025-02-05 16_33_06.552088.jpg,unknown,0.0536,0.0196,0.0248,0.0536,0.0,0.0,0.0487,0.0192
93000096_File_de_Coxas_e_Sobre_Coxas_com_Pele_Congelado,TesteTempoPosicao2025-02-05 16_33_08.452166.jpg,unknown,0.0714,0.0196,0.0373,0.0446,0.0247,0.0,0.0714,0.0433
93000096_File_de_Coxas_e_Sobre_Coxas_com_Pele_Congelado,TesteTempoPosicao2025-02-05 16_33_14.050492.jpg,93000096_File_de_Coxas_e_Sobre_Coxas_com_Pele_Congelado,0.1429,0.0196,0.0186,0.0625,0.0494,0.0779,0.1429,0.0577
93000096_File_de_Coxas_e_Sobre_Coxas_com_Pele_Congelado,TesteTempoPosicao2025-02-05 16_33_25.748590.jpg,unknown,0.013,0.0,0.0,0.0,0.0,0.0,0.013,0.0
93000096_File_de_Coxas_e_Sobre_Coxas_com_Pele_Congelado,TesteTempoPosicao2025-02-05 16_33_46.477424.jpg,93000096_File_de_Coxas_e_Sobre_Coxas_com_Pele_Congelado,0.0844,0.0245,0.0248,0.0536,0.0,0.0,0.0844,0.0385
93000096_File_de_Coxas_e_Sobre_Coxas_com_Pele_Congelado,TesteTempoPosicao2025-02-05 16_34_10.472387.jpg,unknown,0.0779,0.0196,0.0373,0.0446,0.0494,0.0779,0.0552,0.0288
93000096_File_de_Coxas_e_Sobre_Coxas_com_Pele_Congelado,TesteTempoPosicao2025-02-05 16_34_12.338781.jpg,93000096_File_de_Coxas_e_Sobre_Coxas_com_Pele_Congelado,0.1006,0.0147,0.0186,0.0982,0.0494,0.0519,0.1006,0.0481
93000106_Coxas_e_Sobrecoxas_Congelado,TesteTempoPosicao2023-03-02 10_03_45.097032.jpg,93000106_Coxas_e_Sobrecoxas_Congelado,0.1106,0.0245,0.0,0.0268,0.0494,0.0649,0.0325,0.1106
93000106_Coxas_e_Sobrecoxas_Congelado,TesteTempoPosicao2023-03-02 10_04_14.988946.jpg,93000106_Coxas_e_Sobrecoxas_Congelado,0.149,0.0147,0.0373,0.0446,0.037,0.0,0.026,0.149
93000106_Coxas_e_Sobrecoxas_Congelado,TesteTempoPosicao2023-03-02 10_04_38.053771.jpg,93000106_Coxas_e_Sobrecoxas_Congelado,0.1971,0.0392,0.0373,0.0446,0.0494,0.0779,0.0325,0.1971
93000106_Coxas_e_Sobrecoxas_Congelado,TesteTempoPosicao2023-03-02 10_05_25.175178.jpg,93000106_Coxas_e_Sobrecoxas_Congelado,0.7981,0.0343,0.0559,0.0268,0.037,0.0519,0.0292,0.7981
93000106_Coxas_e_Sobrecoxas_Congelado,TesteTempoPosicao2023-03-02 10_05_57.571153.jpg,93000106_Coxas_e_Sobrecoxas_Congelado,0.149,0.0147,0.0373,0.0357,0.037,0.039,0.0325,0.149
93000106_Coxas_e_Sobrecoxas_Congelado,TesteTempoPosicao2023-03-02 10_07_01.956482.jpg,unknown,0.0529,0.0098,0.0186,0.0,0.037,0.0,0.026,0.0529
93000106_Coxas_e_Sobrecoxas_Congelado,TesteTempoPosicao2023-03-02 10_09_34.225984.jpg,unknown,0.0673,0.0196,0.0186,0.0179,0.0494,0.0,0.0162,0.0673
93000106_Coxas_e_Sobrecoxas_Congelado,TesteTempoPosicao2023-03-02 10_09_57.885732.jpg,93000106_Coxas_e_Sobrecoxas_Congelado,0.1683,0.0245,0.0248,0.0357,0.0494,0.0519,0.0195,0.1683
93000106_Coxas_e_Sobrecoxas_Congelado,TesteTempoPosicao2023-03-02 10_10_19.949661.jpg,93000106_Coxas_e_Sobrecoxas_Congelado,0.0817,0.0245,0.0,0.0357,0.0494,0.0779,0.0292,0.0817
93000106_Coxas_e_Sobrecoxas_Congelado,TesteTempoPosicao2023-03-02 10_10_49.010453.jpg,93000106_Coxas_e_Sobrecoxas_Congelado,0.101,0.0196,0.0186,0.0268,0.0,0.0649,0.0292,0.101
93000106_Coxas_e_Sobrecoxas_Congelado,TesteTempoPosicao2023-03-02 10_11_01.772662.jpg,93000106_Coxas_e_Sobrecoxas_Congelado,0.101,0.0147,0.0248,0.0357,0.037,0.0649,0.0357,0.101
93000106_Coxas_e_Sobrecoxas_Congelado,TesteTempoPosicao2023-03-02 10_11_22.203518.jpg,93000106_Coxas_e_Sobrecoxas_Congelado,0.1298,0.0392,0.0373,0.0268,0.037,0.0909,0.026,0.1298
93000106_Coxas_e_Sobrecoxas_Congelado,TesteTempoPosicao2023-03-02 10_11_54.633935.jpg,93000106_Coxas_e_Sobrecoxas_Congelado,0.1538,0.0294,0.0248,0.0446,0.0494,0.0519,0.0357,0.1538
93000106_Coxas_e_Sobrecoxas_Congelado,TesteTempoPosicao2023-03-02 10_12_33.088461.jpg,93000106_Coxas_e_Sobrecoxas_Congelado,0.1202,0.0245,0.0248,0.0,0.0494,0.0519,0.0292,0.1202
93000106_Coxas_e_Sobrecoxas_Congelado,TesteTempoPosicao2023-03-02 10_13_14.714127.jpg,93000106_Coxas_e_Sobrecoxas_Congelado,0.1298,0.0343,0.0248,0.0357,0.0494,0.1039,0.0227,0.1298
93000106_Coxas_e_Sobrecoxas_Congelado,TesteTempoPosicao2023-03-02 10_14_08.448351.jpg,unknown,0.0529,0.0196,0.0311,0.0268,0.0,0.0,0.0227,0.0529
93000106_Coxas_e_Sobrecoxas_Congelado,TesteTempoPosicao2023-03-02 10_15_35.984690.jpg,93000106_Coxas_e_Sobrecoxas_Congelado,0.1154,0.0245,0.0248,0.0357,0.0864,0.039,0.0422,0.1154
93000106_Coxas_e_Sobrecoxas_Congelado,TesteTempoPosicao2023-03-02 10_16_13.612037.jpg,93000106_Coxas_e_Sobrecoxas_Congelado,0.149,0.0392,0.0311,0.0357,0.0494,0.0,0.026,0.149
93000106_Coxas_e_Sobrecoxas_Congelado,TesteTempoPosicao2023-03-02 10_17_17.730277.jpg,93000106_Coxas_e_Sobrecoxas_Congelado,0.2019,0.0147,0.0248,0.0357,0.0617,0.0649,0.026,0.2019
93000106_Coxas_e_Sobrecoxas_Congelado,TesteTempoPosicao2023-03-02 10_18_28.919831.jpg,93000106_Coxas_e_Sobrecoxas_Congelado,0.1394,0.0245,0.0248,0.0357,0.1111,0.039,0.0357,0.1394
93000106_Coxas_e_Sobrecoxas_Congelado,TesteTempoPosicao2023-03-02 10_19_13.842022.jpg,93000106_Coxas_e_Sobrecoxas_Congelado,0.1394,0.0196,0.0248,0.0357,0.037,0.0,0.0227,0.1394
93000106_Coxas_e_Sobrecoxas_Congelado,TesteTempoPosicao2023-03-02 10_19_55.967261.jpg,93000106_Coxas_e_Sobrecoxas_Congelado,0.0865,0.0245,0.0311,0.0446,0.037,0.0519,0.0422,0.0865
93000106_Coxas_e_Sobrecoxas_Congelado,TesteTempoPosicao2023-03-02 10_20_31.095902.jpg,unknown,0.024,0.0147,0.0,0.0,0.0,0.0,0.013,0.024
93000106_Coxas_e_Sobrecoxas_Congelado,TesteTempoPosicao2023-03-02 10_21_27.748047.jpg,93000106_Coxas_e_Sobrecoxas_Congelado,0.1298,0.0196,0.0311,0.0268,0.037,0.0649,0.0357,0.1298
93000106_Coxas_e_Sobrecoxas_Congelado,TesteTempoPosicao2023-03-02 10_22_06.372056.jpg,93000106_Coxas_e_Sobrecoxas_Congelado,0.125,0.0245,0.0248,0.0357,0.0617,0.0649,0.0227,0.125
93000106_Coxas_e_Sobrecoxas_Congelado,TesteTempoPosicao2023-03-02 10_23_21.091930.jpg,93000106_Coxas_e_Sobrecoxas_Congelado,0.1442,0.0196,0.0373,0.0268,0.037,0.0519,0.026,0.1442
93000106_Coxas_e_Sobrecoxas_Congelado,TesteTempoPosicao2023-03-02 10_23_43.787795.jpg,93000106_Coxas_e_Sobrecoxas_Congelado,0.0865,0.0343,0.0186,0.0357,0.037,0.0519,0.0292,0.0865
93000106_Coxas_e_Sobrecoxas_Congelado,TesteTempoPosicao2023-03-02 10_24_59.904227.jpg,93000106_Coxas_e_Sobrecoxas_Congelado,0.1298,0.0147,0.0186,0.0357,0.0617,0.0649,0.0227,0.1298
93000106_Coxas_e_Sobrecoxas_Congelado,TesteTempoPosicao2023-03-02 10_25_23.967525.jpg,93000106_Coxas_e_Sobrecoxas_Congelado,0.0962,0.0294,0.0186,0.0,0.037,0.0649,0.0357,0.0962
93000106_Coxas_e_Sobrecoxas_Congelado,TesteTempoPosicao2023-03-02 10_25_47.894884.jpg,93000106_Coxas_e_Sobrecoxas_Congelado,0.2212,0.0294,0.0186,0.0268,0.0741,0.0649,0.0519,0.2212
93000106_Coxas_e_Sobrecoxas_Congelado,TesteTempoPosicao2023-03-02 10_26_15.591197.jpg,93000106_Coxas_e_Sobrecoxas_Congelado,0.2163,0.0196,0.0248,0.0357,0.037,0.0779,0.0357,0.2163
93000106_Coxas_e_Sobrecoxas_Congelado,TesteTempoPosicao2023-03-02 10_26_55.881351.jpg,93000106_Coxas_e_Sobrecoxas_Congelado,0.125,0.0245,0.0311,0.0357,0.0494,0.0649,0.0292,0.125
93000106_Coxas_e_Sobrecoxas_Congelado,TesteTempoPosicao2023-03-02 10_27_23.075556.jpg,93000106_Coxas_e_Sobrecoxas_Congelado,0.149,0.0294,0.0435,0.0268,0.0494,0.0909,0.0422,0.149
93000106_Coxas_e_Sobrecoxas_Congelado,TesteTempoPosicao2023-03-02 10_28_20.432034.jpg,93000106_Coxas_e_Sobrecoxas_Congelado,0.1106,0.0196,0.0311,0.0357,0.0617,0.039,0.0162,0.1106
93000106_Coxas_e_Sobrecoxas_Congelado,TesteTempoPosicao2023-03-02 10_29_07.554105.jpg,93000106_Coxas_e_Sobrecoxas_Congelado,0.1779,0.0294,0.0311,0.0625,0.0494,0.1169,0.0357,0.1779
93000106_Coxas_e_Sobrecoxas_Congelado,TesteTempoPosicao2023-03-02 10_29_48.080671.jpg,93000106_Coxas_e_Sobrecoxas_Congelado,0.2644,0.0294,0.0373,0.0357,0.0617,0.0649,0.0455,0.2644
93000106_Coxas_e_Sobrecoxas_Congelado,TesteTempoPosicao2023-03-02 10_30_12.376093.jpg,93000106_Coxas_e_Sobrecoxas_Congelado,0.1442,0.0196,0.0186,0.0268,0.0864,0.0649,0.026,0.1442
93000106_Coxas_e_Sobrecoxas_Congelado,TesteTempoPosicao2023-03-02 10_30_44.372543.jpg,93000106_Coxas_e_Sobrecoxas_Congelado,0.149,0.0196,0.0435,0.0357,0.0,0.0519,0.0325,0.149
93000106_Coxas_e_Sobrecoxas_Congelado,TesteTempoPosicao2023-03-02 10_31_23.261343.jpg,93000106_Coxas_e_Sobrecoxas_Congelado,0.1442,0.0147,0.0311,0.0268,0.0741,0.0649,0.0195,0.1442
93000106_Coxas_e_Sobrecoxas_Congelado,TesteTempoPosicao2023-03-02 10_31_56.954209.jpg,93000106_Coxas_e_Sobrecoxas_Congelado,0.1202,0.0294,0.0248,0.0357,0.0494,0.0909,0.039,0.1202
93000106_Coxas_e_Sobrecoxas_Congelado,TesteTempoPosicao2023-03-02 10_32_25.616040.jpg,93000106_Coxas_e_Sobrecoxas_Congelado,0.226,0.0392,0.0311,0.0446,0.0617,0.0909,0.0292,0.226
93000106_Coxas_e_Sobrecoxas_Congelado,TesteTempoPosicao2023-03-02 10_33_00.074646.jpg,93000106_Coxas_e_Sobrecoxas_Congelado,0.1346,0.0392,0.0497,0.0357,0.037,0.0519,0.026,0.1346
93000106_Coxas_e_Sobrecoxas_Congelado,TesteTempoPosicao2023-03-02 10_33_47.699698.jpg,93000106_Coxas_e_Sobrecoxas_Congelado,0.2019,0.0294,0.0373,0.0268,0.037,0.0519,0.0292,0.2019
93000106_Coxas_e_Sobrecoxas_Congelado,TesteTempoPosicao2023-03-02 10_34_50.852852.jpg,93000106_Coxas_e_Sobrecoxas_Congelado,0.101,0.0147,0.0559,0.0357,0.0617,0.0519,0.0227,0.101
93000106_Coxas_e_Sobrecoxas_Congelado,TesteTempoPosicao2023-03-02 10_35_59.871257.jpg,93000106_Coxas_e_Sobrecoxas_Congelado,0.1202,0.0196,0.0248,0.0357,0.0741,0.0909,0.0292,0.1202
93000106_Coxas_e_Sobrecoxas_Congelado,TesteTempoPosicao2023-03-02 10_36_32.700167.jpg,93000106_Coxas_e_Sobrecoxas_Congelado,0.1298,0.0147,0.0124,0.0357,0.037,0.0649,0.0195,0.1298
93000106_Coxas_e_Sobrecoxas_Congelado,TesteTempoPosicao2023-03-02 10_37_13.789770.jpg,93000106_Coxas_e_Sobrecoxas_Congelado,0.1106,0.0245,0.0186,0.0357,0.0617,0.039,0.0292,0.1106
93000106_Coxas_e_Sobrecoxas_Congelado,TesteTempoPosicao2023-03-02 10_38_11.278128.jpg,93000106_Coxas_e_Sobrecoxas_Congelado,0.1587,0.0294,0.0311,0.0268,0.037,0.0649,0.0325,0.1587
93000106_Coxas_e_Sobrecoxas_Congelado,TesteTempoPosicao2023-03-02 10_38_54.504502.jpg,93000106_Coxas_e_Sobrecoxas_Congelado,0.1058,0.0196,0.0248,0.0268,0.037,0.0,0.0357,0.1058
93000106_Coxas_e_Sobrecoxas_Congelado,TesteTempoPosicao2023-03-02 10_39_57.658307.jpg,93000106_Coxas_e_Sobrecoxas_Congelado,0.2067,0.0294,0.0248,0.0357,0.0494,0.0909,0.0422,0.2067
